https://diariodovale.com.br/esporte/volkswagen-caminhoes-e-onibus-inicia-patrocinio-do-resende-futebol-club-na-sequencia-do-carioca-2022/,Volkswagen
https://diariodovale.com.br/economia/exportacoes-da-volkswagen-caminhoes-e-onibus-crescem/,Volkswagen
https://diariodovale.com.br/economia/volkswagen-tem-10-mil-onibus-inspecionados-em-parceria-com-encarrocadoras/,Volkswagen
https://diariodovale.com.br/plantao-da-redacao/volkswagen-comeca-produzir-caminhao-eletrico-em-serie-em-resende/,Volkswagen
https://diariodovale.com.br/plantao-da-redacao/volkswagen-garante-investimentos-em-reuniao-com-governo-do-estado-do-rj/,Volkswagen
https://diariodovale.com.br/tempo-real/volkswagen-caminhoes-anuncia-investimento-de-r-2-bi-ate-2025/,Volkswagen
https://diariodovale.com.br/tempo-real/volkswagen-doa-150-protetores-faciais-para-prefeitura-de-resende/,Volkswagen
https://diariodovale.com.br/economia/volkswagen-caminhoes-e-onibus-retoma-atividade-de-forma-gradual-em-resende/,Volkswagen
https://diariodovale.com.br/tempo-real/volkswagen-retoma-atividades-na-proxima-segunda-feira-dia-27/,Volkswagen
https://diariodovale.com.br/economia/trabalhadores-da-volkswagen-e-consorcio-modular-aceitam-reducao-de-jornada-e-suspensao-de-contrato/,Volkswagen
https://diariodovale.com.br/economia/caminhoes-volkswagen-lideram-tres-dos-cinco-segmentos-do-mercado-nacional/,Volkswagen
https://diariodovale.com.br/plantao-da-redacao/volkswagen-abre-350-vagas-de-empregos-em-resende/,Volkswagen
https://diariodovale.com.br/tempo-real/bandidos-explodem-tres-caixas-de-eletronicos-navolkswagen-resende/,Volkswagen
https://diariodovale.com.br/tempo-real/volkswagen-colaborou-ativamente-com-ditadura-brasileira-diz-imprensa-alema/,Volkswagen
https://diariodovale.com.br/tempo-real/volkswagen-vai-investir-r-15-bilhao-no-estado/,Volkswagen
https://diariodovale.com.br/tempo-real/volkswagen-divulga-resultados-sobre-manipulacao-de-softwares-na-quinta-feira/,Volkswagen
https://diariodovale.com.br/economia/volkswagen-coloca-8-mil-funcionarios-em-ferias-coletivas-na-fabrica-do-abc/,Volkswagen
https://diariodovale.com.br/economia/inscricoes-para-o-formare-2023-estao-abertas/,Volkswagen
https://diariodovale.com.br/tempo-real/acidente-sob-o-viaduto-castelo-branco-gera-transito-na-regiao/,Volkswagen
https://diariodovale.com.br/tempo-real/inscricoes-para-o-5o-festival-de-curimba-encerram-na-proxima-segunda-feira/,Volkswagen
https://diariodovale.com.br/economia/mais-de-100-empresas-participam-da-rodada-de-negocios-em-barra-mansa/,Volkswagen
https://diariodovale.com.br/economia/empresas-confirmam-participacao-nas-rodadas-de-negocios-e-creditos-de-barra-mansa/,Volkswagen
https://diariodovale.com.br/tempo-real/prefeitura-de-valenca-adquiriu-mais-um-onibus-para-transportar-alunos-da-rede-municipal/,Volkswagen
https://diariodovale.com.br/politica/centro-tecnologico-vai-alavancar-economia-da-regiao-diz-andre-ceciliano/,Volkswagen
https://diariodovale.com.br/tempo-real/empresarios-reclamam-de-falta-de-infraestrutura-e-icms/,Volkswagen
https://diariodovale.com.br/politica/regiao-tera-arco-viario-entre-cidades-do-cluster-automotivo/,Volkswagen
https://diariodovale.com.br/tempo-real/volta-redonda-sedia-encontro-para-o-desenvolvimento-regional/,Volkswagen
https://diariodovale.com.br/regiao/claudio-castro-quer-cronograma-de-trabalho-para-incentivar-polo-automotivo/,Volkswagen
https://diariodovale.com.br/ultima-noticia/governo-e-montadoras-discutem-o-crescimento-do-ramo-automotivo/,Volkswagen
https://diariodovale.com.br/destaque/presidente-da-firjan-sul-fluminense-ve-a-uniao-da-regiao-como-caminho-para-o-desenvolvimento/,Volkswagen
https://diariodovale.com.br/colunas/homenagem-postuma/,Volkswagen
https://diariodovale.com.br/plantao-da-redacao/guarda-civil-municipal-de-resende-recebe-novos-veiculos/,Volkswagen
https://diariodovale.com.br/economia/projeto-da-volks-oferece-200-vagas-para-cursos-profissionalizantes-em-resende/,Volkswagen
https://diariodovale.com.br/economia/resende-produz-primeiro-caminhao-eletrico-totalmente-projetado-e-desenvolvido-no-brasil/,Volkswagen
https://diariodovale.com.br/tempo-real/nova-loja-vai-em-gerar-35-empregos-diretos-em-resende/,Volkswagen
https://diariodovale.com.br/economia/economia-honda-paralisa-producao-no-brasil-por-causa-da-pandemia-de-covid-19/,Volkswagen
https://diariodovale.com.br/tempo-real/com-obras-na-reta-final-loja-da-havan-em-resende-vai-gerar-200-empregos/,Volkswagen
https://diariodovale.com.br/tempo-real/estado-montadoras-estrategias-manutencao-negocios-empregos-sul-fluminense/,Volkswagen
https://diariodovale.com.br/economia/cervejaria-fecha-compra-de-mil-veiculos-eletricos-100-unidades-serao-produzidas-em-resende/,Volkswagen
https://diariodovale.com.br/economia/governo-estadual-busca-dialogo-com-montadoras-da-regiao/,Volkswagen
https://diariodovale.com.br/politica/justica-eleitoral-diploma-prefeito-vice-e-vereadores-de-resende/,Volkswagen
https://diariodovale.com.br/destaque/resende-confirma-abertura-de-loja-havan-e-ampliacao-da-volks/,Volkswagen
https://diariodovale.com.br/economia/sem-pecas-montadoras-paralisam-parte-da-producao-e-cancelam-trabalho-extra/,Volkswagen
https://diariodovale.com.br/destaque/volks-abre-inscricoes-para-programa-de-formacao-de-jovens/,Volkswagen
https://diariodovale.com.br/tempo-real/volks-investe-r-1-bi-em-nova-linha-de-caminhoes/,Volkswagen
https://diariodovale.com.br/colunas/sera-hoje-que-thais-bastos-vega-desperta-com-sua-mais-nova-idade/,Volkswagen
https://diariodovale.com.br/tempo-real/volks-de-resende-abre-novo-turno-e-500-vao-voltar-da-suspensao-de-contrato-de-trabalho/,Volkswagen
https://diariodovale.com.br/tempo-real/transporte-coletivo-de-porto-real-tem-limpeza-intensificada/,Volkswagen
https://diariodovale.com.br/tempo-real/barreira-sanitaria-apreende-animais-sendo-transportados-em-condicoes-inadequadas-na-rodovia-do-contorno/,Volkswagen
https://diariodovale.com.br/tempo-real/prefeitura-de-barra-mansa-orienta-sobre-como-descartar-mascaras-de-protecao-facial/,Volkswagen
https://diariodovale.com.br/cidade/moradores-e-profissionais-da-saude-em-resende-recebem-mascaras/,Volkswagen
https://diariodovale.com.br/economia/grupo-que-inclui-a-vw-caminhoes-e-onibus-registra-aumento-de-4-nas-vendas-na-america-latina/,Volkswagen
https://diariodovale.com.br/tempo-real/fabrica-de-onibus-e-caminhoes-pode-produzir-mascaras-contra-o-coronavirus/,Volkswagen
https://diariodovale.com.br/plantao-da-redacao/volks-e-consorcio-modular-propoem-reducao-de-jornada-e-suspensao-contratos-de-trabalho/,Volkswagen
https://diariodovale.com.br/mosaico/238728/,Volkswagen
https://diariodovale.com.br/economia/funcionarios-da-volks-entram-em-ferias-coletivas-a-partir-desta-quarta-feira/,Volkswagen
https://diariodovale.com.br/plantao-da-redacao/montadoras-da-regiao-decidem-paralisar-trabalhos/,Volkswagen
https://diariodovale.com.br/cidade/defesa-civil-de-angra-dos-reis-ganha-novos-veiculos/,Volkswagen
https://diariodovale.com.br/colunas/hoje-e-dia-de-sao-sebastiao-padroeiro-das-cidades-do-rio-de-janeiro-e-barra-mansa/,Volkswagen
https://diariodovale.com.br/policia/caminhoneiro-e-preso-apos-ser-flagrado-dirigindo-embriagado-na-dutra-em-pirai/,Volkswagen
https://diariodovale.com.br/destaque/bndes-aprova-financiamento-de-caminhoes-eletricos-da-man/,Volkswagen
https://diariodovale.com.br/economia/firjan-preve-crescimento-do-setor-automotivo-da-regiao-durante-2020/,Volkswagen
https://diariodovale.com.br/economia/ford-encerra-producao-de-caminhoes-na-fabrica-de-sao-bernardo-do-campo/,Volkswagen
https://diariodovale.com.br/tempo-real/resende-divulga-balanco-de-novos-empregos-gerados-em-2019/,Volkswagen
https://diariodovale.com.br/tempo-real/man-foi-a-montadora-que-mais-cresceu-em-vendas-internas-no-sul-fluminense/,Volkswagen
https://diariodovale.com.br/cidade/frota-da-prefeitura-de-resende-ganha-caminhao-para-transporte-de-maquinario/,Volkswagen
https://diariodovale.com.br/mosaico/iniciando-os-estudos/,Volkswagen
https://diariodovale.com.br/mosaico/destaque/,Volkswagen
https://diariodovale.com.br/economia/regiao-sera-a-primeira-a-ter-metodo-alemao-de-formacao-universitaria/,Volkswagen
https://diariodovale.com.br/mosaico/samuca-vence-prefeito-empreendedor/,Volkswagen
https://diariodovale.com.br/economia/crise-na-argentina-afeta-montadoras-da-regiao/,Volkswagen
https://diariodovale.com.br/tempo-real/shopping-park-sul-recebe-a-segunda-edicao-do-encontro-de-antiguidades-automotivas/,Volkswagen
https://diariodovale.com.br/economia/volks-alcanca-3-400-vendas-de-onibus-ao-caminho-da-escola/,Volkswagen
https://diariodovale.com.br/economia/resende-aposta-na-geracao-de-novos-empregos/,Volkswagen
https://diariodovale.com.br/tempo-real/resende-recebe-novos-investimentos-e-anuncia-200-empregos/,Volkswagen
https://diariodovale.com.br/economia/presidente-da-vw-caminhoes-e-onibus-afirma-a-witzel-que-pretende-investir/,Volkswagen
https://diariodovale.com.br/tempo-real/governador-vai-a-alemanha-para-atrair-investimentos-e-turistas-para-o-estado/,Volkswagen
https://diariodovale.com.br/tempo-real/licenciamentos-sobem-na-jaguar-e-nissan/,Volkswagen
https://diariodovale.com.br/cidade/pessoas-com-deficiencia-tem-o-dia-da-inclusao-social-e-profissional/,Volkswagen
https://diariodovale.com.br/policia/homem-e-preso-na-dutra-com-veiculo-em-situacao-irregular/,Volkswagen
https://diariodovale.com.br/economia/evento-reune-industria-e-startups-da-regiao/,Volkswagen
https://diariodovale.com.br/economia/evento-reune-empresas-e-startups-que-vao-apresentar-solucoes-em-tecnologia/,Volkswagen
https://diariodovale.com.br/esporte/vasco-conta-com-novo-patrocinador/,Volkswagen
https://diariodovale.com.br/cidade/mostra-de-veiculos-antigos-movimenta-ilha-sao-joao/,Volkswagen
https://diariodovale.com.br/tempo-real/sindicato-dos-metalurgicos-mostra-balanco-das-negociacoes-coletivas/,Volkswagen
https://diariodovale.com.br/economia/bancos-vao-oferecer-parcelamento-da-divida-no-cheque-especial/,Volkswagen
https://diariodovale.com.br/tempo-real/rodrigo-maia-se-reune-com-prefeito-de-bm-para-discutir-intervencao-no-rj/,Volkswagen
https://diariodovale.com.br/colunas/hoje-e-dia-de-sao-sebastiao-3/,Volkswagen
https://diariodovale.com.br/colunas/o-empresario-roberto-viana-despertando-hoje-com-sua-mais-nova-idade/,Volkswagen
https://diariodovale.com.br/colunas/130133/,Volkswagen
https://diariodovale.com.br/cidade/volta-redonda-pode-receber-onibus-teste-da-volks-para-tarifa-comercial-zero/,Volkswagen
https://diariodovale.com.br/economia/man-produz-prototipo-de-caminhao-eletrico-e-testa-produto-com-distribuicao-de-bebidas/,Volkswagen
https://diariodovale.com.br/economia/man-latin-america-pode-ter-mais-r-15-bilhao-ate-2021-em-resende/,Volkswagen
https://diariodovale.com.br/colunas/parabens-papais/,Volkswagen
https://diariodovale.com.br/colunas/unifoa-sediara-o-iv-seminario-internacional-de-manutencao-tecnologia-e-producao-no-dia-12-de-agosto/,Volkswagen
https://diariodovale.com.br/tempo-real/venda-de-veiculos-usados-cresce-em-volta-redonda/,Volkswagen
https://diariodovale.com.br/economia/man-latin-america-confirma-a-diogo-balieiro-investimento-de-r-15-bilhoes/,Volkswagen
https://diariodovale.com.br/lazer/a-arte-das-superproducoes-do-cinema/,Volkswagen
https://diariodovale.com.br/colunas/hoje-e-dia-de-sao-sebastiao-2/,Volkswagen
https://diariodovale.com.br/destaque/carro/,Volkswagen
https://diariodovale.com.br/economia/classicos-comemoram-60-anos-da-anfavea-no-salao-do-automovel/,Volkswagen
https://diariodovale.com.br/tempo-real/caixa-eletronico-e-explodido-em-rio-claro/,Volkswagen
https://diariodovale.com.br/economia/pezao-cita-empresas-e-montadoras-da-regiao-para-defender-incentivos/,Volkswagen
https://diariodovale.com.br/economia/venda-de-veiculos-automotores-tem-queda/,Volkswagen
https://diariodovale.com.br/policia/bandidos-explodem-caixas-eletronicos-na-peugeot-em-porto-real/,Volkswagen
https://diariodovale.com.br/economia/industria-automobilistica-pode-voltar-a-crescer-no-proximo-ano/,Volkswagen
https://diariodovale.com.br/cidade/kombi-dos-correios-pega-fogo-em-barra-mansa/,Volkswagen
https://diariodovale.com.br/politica/ana-paula-rechuan-entrega-homenagens-na-alerj/,Volkswagen
https://diariodovale.com.br/colunas/hoje-e-dia-de-sao-sebastiao/,Volkswagen
https://diariodovale.com.br/policia/operacao-barreira-fiscal-apreende-carga-de-agua-mineral-sem-nota-fiscal/,Volkswagen
https://diariodovale.com.br/politica/alexandre-serfiotis-discute-construcao-de-novo-acesso-a-industrias-da-regiao/,Volkswagen
https://diariodovale.com.br/tempo-real/franca-tem-quase-1-milhao-de-carros-com-software-que-manipula-emissao-de-gases/,Volkswagen
https://diariodovale.com.br/destaque/agentes-da-operacao-da-barreira-fiscal-apreendem-303-quilos-de-maconha-em-itatiaia/,Volkswagen
https://diariodovale.com.br/politica/camara-municipal-de-resende-quer-ampliar-investimentos-da-industria/,Volkswagen
https://diariodovale.com.br/tempo-real/ato-em-frente-ao-instituto-lula-pede-manutencao-da-democracia/,Volkswagen
https://diariodovale.com.br/politica/camara-aprova-ponte-para-polo-industrial-de-resende/,Volkswagen
https://diariodovale.com.br/economia/aeroporto-vale-do-aco-sera-o-maior-entre-os-regionais-no-estado-do-rio/,Volkswagen
https://diariodovale.com.br/economia/rechuan-participa-de-inauguracao-da-yorozu-do-brasil/,Volkswagen
https://diariodovale.com.br/economia/sindicalistas-da-regiao-acreditam-em-recuperacao-dos-niveis-de-emprego/,Volkswagen
https://diariodovale.com.br/colunas/vale-do-paraiba-fluminense-devera-se-tornar-metropole/,Volkswagen
https://diariodovale.com.br/economia/vendas-de-peugeot-e-man-se-mantem-abaixo-do-registrado-no-ano-passado/,Volkswagen
https://diariodovale.com.br/politica/mirim-pede-vinda-de-ministro-do-trabalho-a-resende-para-defender-metalurgicos/,Volkswagen
https://diariodovale.com.br/economia/montadoras-da-regiao-descartam-demissoes/,Volkswagen
https://diariodovale.com.br/economia/funcionarios-da-gm-vao-manter-greve-volks-da-ferias-coletivas-em-taubate/,Volkswagen
https://diariodovale.com.br/educacao/ugb-discute-parceria-com-jaguar-land-rover/,Jaguar
https://diariodovale.com.br/economia/jaguar-land-rover-retoma-producao-do-range-rover-evoque-no-estado-do-rio/,Jaguar
https://diariodovale.com.br/tempo-real/grupo-seb-e-jaguar-land-rover-doam-mais-de-duas-mil-mascaras-descartaveis-para-itatiaia/,Jaguar
https://diariodovale.com.br/tempo-real/licenciamentos-sobem-na-jaguar-e-nissan/,Jaguar
https://diariodovale.com.br/economia/jaguar-land-rover-vende-35-a-mais-que-em-2017/,Jaguar
https://diariodovale.com.br/economia/jaguar-land-rover-inaugura-fabrica-em-itatiaia/,Jaguar
https://diariodovale.com.br/economia/jaguar-land-rover-comecara-producao-sem-medo-da-crise-no-setor-automotivo/,Jaguar
https://diariodovale.com.br/colunas/evento-destaca-a-importancia-da-chegada-da-jaguar-land-rover-para-a-regiao/,Jaguar
https://diariodovale.com.br/tempo-real/diversas-manifestacoes-folcloricas-movimentam-encontro-de-capoeira-em-angra/,Jaguar
https://diariodovale.com.br/tempo-real/empresarios-reclamam-de-falta-de-infraestrutura-e-icms/,Jaguar
https://diariodovale.com.br/tempo-real/prefeitura-de-itatiaia-prossegue-com-as-obras-de-interligacao-da-rede-de-esgoto-do-bairro-jardim-manchete/,Jaguar
https://diariodovale.com.br/tempo-real/suspeito-de-roubo-e-preso-em-valenca/,Jaguar
https://diariodovale.com.br/tempo-real/volta-redonda-sedia-encontro-para-o-desenvolvimento-regional/,Jaguar
https://diariodovale.com.br/ultima-noticia/governo-e-montadoras-discutem-o-crescimento-do-ramo-automotivo/,Jaguar
https://diariodovale.com.br/politica/sete-municipios-brasileiros-elegem-novos-prefeitos/,Jaguar
https://diariodovale.com.br/tempo-real/firjan-senai-promove-maratona-de-lives-sobre-mercado-de-trabalho/,Jaguar
https://diariodovale.com.br/tempo-real/suspeitos-de-trafico-sao-presos-com-quase-2-quilos-de-maconha-em-paraiba-do-sul/,Jaguar
https://diariodovale.com.br/economia/hacktudo-oficinas-de-robotica-producao-em-3d-e-fabrica-de-memes-vao-agitar-o-festival-digital/,Jaguar
https://diariodovale.com.br/economia/governo-estadual-busca-dialogo-com-montadoras-da-regiao/,Jaguar
https://diariodovale.com.br/cidade/morre-presidente-da-associacao-dos-motociclistas-do-estado-do-rio/,Jaguar
https://diariodovale.com.br/nacional/covid-19-estados-flexibilizam-mas-adiam-retomada-de-aulas/,Jaguar
https://diariodovale.com.br/saude/bolsonaro-posta-video-sobre-importacao-de-medicamentos-do-uruguai/,Jaguar
https://diariodovale.com.br/cidade/documentario-fala-da-crise-hidrica-na-bacia-do-paraiba-do-sul/,Jaguar
https://diariodovale.com.br/saude/kits-auxiliam-testes-rapidos-para-covid-19-em-itatiaia/,Jaguar
https://diariodovale.com.br/economia/de-sorteio-a-loja-no-mercado-livre-montadoras-fazem-tudo-para-vender/,Jaguar
https://diariodovale.com.br/mosaico/mp-proibe-carreata-contra-isolamento-em-angra-dos-reis/,Jaguar
https://diariodovale.com.br/plantao-da-redacao/montadoras-da-regiao-decidem-paralisar-trabalhos/,Jaguar
https://diariodovale.com.br/economia/leilao-da-br-101-sul-o-primeiro-do-ano-no-setor-rodoviario/,Jaguar
https://diariodovale.com.br/tempo-real/equipe-do-ifrj-se-torna-campea-de-competicao-latino-americana-de-robotica/,Jaguar
https://diariodovale.com.br/tempo-real/man-foi-a-montadora-que-mais-cresceu-em-vendas-internas-no-sul-fluminense/,Jaguar
https://diariodovale.com.br/economia/workshop-em-resende-debate-a-inovacao-na-industria-automotiva/,Jaguar
https://diariodovale.com.br/politica/alerj-discute-desenvolvimento-economico-na-camara-municipal-de-barra-mansa/,Jaguar
https://diariodovale.com.br/tempo-real/conservatoria-se-transforma-na-capital-do-ciclismo-brasileiro/,Jaguar
https://diariodovale.com.br/tempo-real/equipe-de-robotica-do-ifrj-vai-batizar-um-dos-robos-de-futebol-em-homenagem-a-arthur-vinicius-em-volta-redonda/,Jaguar
https://diariodovale.com.br/tempo-real/incendio-atinge-ponte-na-cidade-de-sao-paulo/,Jaguar
https://diariodovale.com.br/tempo-real/orquestra-sinfonica-de-barra-mansa-em-destaque-no-rio-de-janeiro/,Jaguar
https://diariodovale.com.br/nacional/atriz-fernanda-montenegro-recebe-alta-de-hospital-no-rio/,Jaguar
https://diariodovale.com.br/esporte/ainda-sem-arrascaeta-e-gabigol-flamengo-encara-o-ajax-nos-eua/,Jaguar
https://diariodovale.com.br/esporte/cruzeiro-proximo-de-aceitar-negociar-arrascaeta-com-fla/,Jaguar
https://diariodovale.com.br/esporte/flamengo-apresenta-abel-braga-que-exalta-grandeza-do-clube/,Jaguar
https://diariodovale.com.br/cidade/escola-de-itatiaia-vai-disputar-competicao-mundial-na-inglaterra/,Jaguar
https://diariodovale.com.br/plantao-da-redacao/industria-automotiva-do-sul-fluminense-tem-crescimento/,Jaguar
https://diariodovale.com.br/tempo-real/cordas-sao-as-estrelas-no-sul-fluminense/,Jaguar
https://diariodovale.com.br/colunas/a-ignorancia-cientifica-no-brasil/,Jaguar
https://diariodovale.com.br/tempo-real/sindicato-dos-metalurgicos-mostra-balanco-das-negociacoes-coletivas/,Jaguar
https://diariodovale.com.br/tempo-real/governo-publica-edital-de-venda-da-companhia-energetica-de-sao-paulo/,Jaguar
https://diariodovale.com.br/lazer/o-rio-paraiba-do-sul-em-destaque/,Jaguar
https://diariodovale.com.br/cidade/1o-pedal-das-aguas-acontece-em-cidades-da-regiao/,Jaguar
https://diariodovale.com.br/tempo-real/fabricantes-de-veiculos-da-regiao-tem-alta-nas-vendas-no-mercado-interno/,Jaguar
https://diariodovale.com.br/cidade/chuvas-sao-importantes-para-repor-volume-dos-reservatorios/,Jaguar
https://diariodovale.com.br/mosaico/ainda-nas-preliminares/,Jaguar
https://diariodovale.com.br/lazer/projeto-a-musica-venceu-realizara-recital-de-violino-e-violoncelo-na-casa-da-cultura-de-itatiaia/,Jaguar
https://diariodovale.com.br/lazer/quilombo-dos-palmares-e-reconhecido-patrimonio-cultural-do-mercosul/,Jaguar
https://diariodovale.com.br/mosaico/indo-para-a-justica/,Jaguar
https://diariodovale.com.br/cidade/materiais-reciclaveis-viram-experimentos-tecnologicos-em-volta-redonda/,Jaguar
https://diariodovale.com.br/mosaico/prioridade-3/,Jaguar
https://diariodovale.com.br/lazer/alunos-de-projeto-musical-farao-apresentacao-especial-para-maestro/,Jaguar
https://diariodovale.com.br/tempo-real/usinas-hidreletricas-operadas-pela-cemig-sao-leiloadas-por-r-121-bilhoes/,Jaguar
https://diariodovale.com.br/cidade/alunos-de-ciep-em-pinheiral-representam-brasil-em-competicao-internacional/,Jaguar
https://diariodovale.com.br/tempo-real/governo-adia-anuncio-sobre-revisao-da-meta-fiscal/,Jaguar
https://diariodovale.com.br/economia/evento-premia-melhores-praticas-do-cluster-automotivo/,Jaguar
https://diariodovale.com.br/colunas/parabens-papais/,Jaguar
https://diariodovale.com.br/tempo-real/alunos-da-rede-publica-de-volta-redonda-vao-ao-japao-disputar-mundial-de-robotica-2/,Jaguar
https://diariodovale.com.br/cidade/alunos-da-rede-publica-de-volta-redonda-vao-ao-japao-disputar-mundial-de-robotica/,Jaguar
https://diariodovale.com.br/colunas/unifoa-sediara-o-iv-seminario-internacional-de-manutencao-tecnologia-e-producao-no-dia-12-de-agosto/,Jaguar
https://diariodovale.com.br/colunas/hoje-dia-nacional-do-revendedor/,Jaguar
https://diariodovale.com.br/lazer/anime-fest-fan-acontece-hoje-em-volta-redonda/,Jaguar
https://diariodovale.com.br/lazer/casa-da-cultura-de-itatiaia-abre-inscricoes-para-aula-de-violoncelo/,Jaguar
https://diariodovale.com.br/tempo-real/governo-federal-pretende-leiloar-quatro-usinas-hidreletricas-em-setembro/,Jaguar
https://diariodovale.com.br/cidade/alunos-do-ifrj-se-preparam-para-campeonato-de-robotica-no-japao/,Jaguar
https://diariodovale.com.br/mosaico/na-encolha/,Jaguar
https://diariodovale.com.br/lazer/casa-da-cultura-de-itatiaia-renova-matricula-do-curso-de-violino/,Jaguar
https://diariodovale.com.br/economia/samuca-anuncia-vinda-de-empresa-que-gerara-500-empregos-em-volta-redonda/,Jaguar
https://diariodovale.com.br/mosaico/de-volta-aos-trabalhos/,Jaguar
https://diariodovale.com.br/tempo-real/vitimas-de-chacina-em-campinas-sao-veladas-nesta-segunda/,Jaguar
https://diariodovale.com.br/lazer/pecas-de-maria-clara-machado-e-dias-gomes-serao-encenadas-por-alunos-da-escola-de-artes-em-resende/,Jaguar
https://diariodovale.com.br/lazer/ii-circuito-imperial-acontece-no-vale-do-cafe/,Jaguar
https://diariodovale.com.br/mosaico/no-mar/,Jaguar
https://diariodovale.com.br/economia/senai-resende-vai-capacitar-400-pessoas-em-parceria-com-o-grupo-seb/,Jaguar
https://diariodovale.com.br/cidade/mostra-educacional-apresenta-trabalhos-de-robotica-em-volta-redonda/,Jaguar
https://diariodovale.com.br/cidade/senai-inaugura-oficinas-em-parceria-com-o-grupo-seb/,Jaguar
https://diariodovale.com.br/cidade/estudantes-de-escola-publica-de-volta-redonda-conquistam-sul-americano-de-robotica/,Jaguar
https://diariodovale.com.br/destaque/ana-reduz-vazao-no-paraiba-do-sul-para-garantir-agua-ao-rio-de-janeiro/,Jaguar
https://diariodovale.com.br/colunas/faltam-4-dias-para-o-feijao-de-todos-os-tempos/,Jaguar
https://diariodovale.com.br/tempo-real/pergunte-ao-candidato-denilson-sampaio-psd-de-itatiaia-responde-sobre-plano-de-governo/,Jaguar
https://diariodovale.com.br/mosaico/cassado-de-novo/,Jaguar
https://diariodovale.com.br/mosaico/preparacao-2/,Jaguar
https://diariodovale.com.br/tempo-real/pergunte-ao-candidato-adriano-santos-que-disputa-a-prefeitura-de-itatiaia-pelo-psol-responde-sobre-seu-plano-de-governo/,Jaguar
https://diariodovale.com.br/lazer/morre-aos-71-anos-a-atriz-elke-maravilha/,Jaguar
https://diariodovale.com.br/cidade/alunos-do-ifrj-promovem-1a-feira-nerd-neste-domingo-em-volta-redonda/,Jaguar
https://diariodovale.com.br/economia/montadoras-da-regiao-tem-quedas-de-vendas-menores-que-a-media-nacional/,Jaguar
https://diariodovale.com.br/economia/espaco-promove-oportunidades-de-negocios-na-flumisul/,Jaguar
https://diariodovale.com.br/mosaico/tj-mantem-jonas-afastado-do-cargo/,Jaguar
https://diariodovale.com.br/economia/pezao-anuncia-15-empresas-para-a-regiao/,Jaguar
https://diariodovale.com.br/mosaico/ausencia-justificada/,Jaguar
https://diariodovale.com.br/destaque/caged-aponta-agravamento-do-desemprego-na-regiao/,Jaguar
https://diariodovale.com.br/mosaico/fora-dos-trilhos/,Jaguar
https://diariodovale.com.br/cidade/anime-fest-fan-reune-fas-do-universo-nerd/,Jaguar
https://diariodovale.com.br/cidade/anime-fest-fan-barra-do-pirai-sedia-feira-de-cultura-nerd-no-domingo/,Jaguar
https://diariodovale.com.br/destaque/estudantes-de-volta-redonda-fazem-campanha-para-participarem-de-mundial-de-robotica/,Jaguar
https://diariodovale.com.br/politica/albertassi-discute-medidas-contra-crise-com-trabalhadores-e-empresas/,Jaguar
https://diariodovale.com.br/economia/regiao-fecha-28-mil-empregos-em-janeiro/,Jaguar
https://diariodovale.com.br/colunas/perdido-em-marte-o-globo-de-ouro-e-a-critica/,Jaguar
https://diariodovale.com.br/lazer/casa-da-cultura-de-resende-esta-com-inscricoes-abertas-para-cursos-gratuitos-de-teatro-e-musica/,Jaguar
https://diariodovale.com.br/politica/pezao-corta-r-15-bi-em-gastos/,Jaguar
https://diariodovale.com.br/politica/ype-confia-em-investimentos-privados-para-superar-crise-economica/,Jaguar
https://diariodovale.com.br/mosaico/40687/,Jaguar
https://diariodovale.com.br/cidade/nivel-do-rio-paraiba-do-sul-aumenta-mas-economia-tem-que-continuar/,Jaguar
https://diariodovale.com.br/destaque/peugeot-apresenta-novo-citroen-aircross/,Jaguar
https://diariodovale.com.br/lazer/o-novo-james-bond-chega-ao-brasil-esta-semana/,Jaguar
https://diariodovale.com.br/cidade/luz-ciencia-e-vida-sao-temas-de-semana-de-ciencia-tecnologia-em-porto-real/,Jaguar
https://diariodovale.com.br/mosaico/reuniao-adiada/,Jaguar
https://diariodovale.com.br/tempo-real/saae-vr-faz-balanco-da-crise-hidrica-e-descarta-racionamento/,Jaguar
https://diariodovale.com.br/cidade/seis-vitimas-de-acidente-em-paraty-continuam-internadas-em-hospitais/,Jaguar
https://diariodovale.com.br/cidade/prefeitura-de-paraty-divulga-lista-de-feridos-em-acidente/,Jaguar
https://diariodovale.com.br/lazer/alunos-do-projeto-a-musica-venceu-se-apresentam-hoje-na-igreja-matriz-em-resende/,Jaguar
https://diariodovale.com.br/tempo-real/estado-do-rio-economiza-15-trilhao-de-litros-dagua-dos-reservatorios/,Jaguar
https://diariodovale.com.br/politica/pezao-inaugura-avenida-em-itatiaia/,Jaguar
https://diariodovale.com.br/cidade/jovens-sao-selecionados-para-curso-de-eletromecanica-automotiva/,Jaguar
https://diariodovale.com.br/economia/inscricoes-para-curso-gratuito-na-area-automotiva-terminam-nesta-sexta-26/,Jaguar
https://diariodovale.com.br/tempo-real/pelo-menos-12-pessoas-morrem-em-inundacoes-na-georgia/,Jaguar
https://diariodovale.com.br/tempo-real/estado-do-rio-em-alerta-para-nova-crise-de-abastecimento-de-agua/,Jaguar
https://diariodovale.com.br/tempo-real/dilma-recebe-presidente-do-uruguai-no-palacio-do-planalto/,Jaguar
https://diariodovale.com.br/cidade/instituto-campeao-mundial-de-robotica-tem-pouco-apoio-para-custear-viagem-a-china/,Jaguar
https://diariodovale.com.br/tempo-real/crise-hidrica-deixa-reservatorios-da-bacia-do-paraiba-do-sul-em-alerta/,Jaguar
https://diariodovale.com.br/economia/psa-garante-permanencia-no-brasil/,Jaguar
https://diariodovale.com.br/mosaico/mosaico-26-marco/,Jaguar
https://diariodovale.com.br/mosaico/mosaico-21-marco/,Jaguar
https://diariodovale.com.br/tempo-real/acordo-inedito-garante-seguranca-hidrica-da-bacia-do-paraiba-do-sul/,Jaguar
https://diariodovale.com.br/tempo-real/mpf-realiza-audiencia-publica-para-tratar-da-crise-hidrica-no-rj/,Jaguar
https://diariodovale.com.br/economia/brasil-passa-da-6a-para-a-3a-posicao-em-ranking-de-maior-custo-de-energia-para-a-industria/,Jaguar
https://diariodovale.com.br/tempo-real/vazao-da-barragem-santa-cecilia-sera-reduzida-gradualmente/,Jaguar
https://diariodovale.com.br/cidade/ana-reduz-limite-de-agua-liberada-em-barragens-do-rio-paraiba-do-sul/,Jaguar
https://diariodovale.com.br/politica/camara-de-resende-fara-audiencia-publica-sobre-crise-hidrica/,Jaguar
https://diariodovale.com.br/politica/mpf-cobra-de-pezao-plano-de-reserva-do-uso-do-paraiba-do-sul/,Jaguar
https://diariodovale.com.br/cidade/aumenta-o-volume-de-agua-na-represa-do-funil-em-itatiaia/,Jaguar
https://diariodovale.com.br/destaque/agencia-reduz-saida-de-agua-de-reservatorio-do-paraiba-do-sul/,Jaguar
https://diariodovale.com.br/destaque/ano-tem-crise-economica-derrota-na-copa-e-estiagem-na-regiao-sudeste/,Jaguar
